cultura,chuva,umidade_especifica,umidade_relativa,temperatura,rendimento,cluster,rendimento_relativo
"Cocoa, beans",2248.92,17.72,83.4,26.01,11560,2,1.306509945750452
"Cocoa, beans",1938.42,17.54,82.11,26.11,11253,2,1.2718128390596746
"Cocoa, beans",2301.54,17.81,82.79,26.24,9456,2,1.0687160940325497
"Cocoa, beans",2592.35,17.61,85.07,25.56,9321,2,1.0534584086799277
"Cocoa, beans",2344.72,17.61,84.12,25.76,8800,2,0.9945750452079566
"Cocoa, beans",2339.3,17.7,84.54,25.76,8850,2,1.0002260397830018
"Cocoa, beans",2326.09,18.09,84.63,26.11,9003,2,1.0175180831826403
"Cocoa, beans",2718.08,18.3,85.43,26.12,9880,0,1.116636528028933
"Cocoa, beans",2061.61,17.8,84.36,25.88,9201,2,1.0398960216998192
"Cocoa, beans",1934.62,17.94,83.43,26.21,8300,2,0.9380650994575045
"Cocoa, beans",2217.12,18.03,84.39,26.1,5765,2,0.6515596745027125
"Cocoa, beans",2249.7,18.01,84.24,26.11,5812,2,0.656871609403255
"Cocoa, beans",2530.96,18.15,85.33,26.02,6667,0,0.753503616636528
"Cocoa, beans",2504.7,18.19,85.45,26.02,6530,0,0.7380198915009042
"Cocoa, beans",2686.2,18.38,85.77,26.13,6912,0,0.7811934900542495
"Cocoa, beans",2414.79,18.18,85.76,25.93,7138,0,0.8067359855334539
"Cocoa, beans",1999.53,18.2,84.36,26.27,7525,1,0.8504746835443038
"Cocoa, beans",2362.8,18.7,84.03,26.79,7663,1,0.8660714285714286
"Cocoa, beans",2792.95,18.24,86.04,25.95,8300,0,0.9380650994575045
"Cocoa, beans",2751.24,18.31,85.98,26.02,9274,0,1.048146473779385
"Cocoa, beans",2646.28,18.4,86.02,26.1,9956,0,1.1252260397830018
"Cocoa, beans",2302.99,18.22,84.48,26.25,9801,1,1.1077079566003616
"Cocoa, beans",2692.34,18.37,85.54,26.18,7965,0,0.9002034358047016
"Cocoa, beans",2424.55,18.28,85.16,26.18,7919,0,0.8950045207956601
"Cocoa, beans",2363.63,18.35,84.92,26.28,8226,1,0.9297016274864376
"Cocoa, beans",2892.78,18.49,86.09,26.18,10062,0,1.1372061482820977
"Cocoa, beans",2729.53,18.41,86.03,26.11,12362,0,1.3971518987341771
"Cocoa, beans",3085.79,18.34,86.1,26.03,13056,0,1.4755877034358047
"Cocoa, beans",2922.18,18.43,85.51,26.23,10058,0,1.136754068716094
"Cocoa, beans",2546.33,18.43,84.23,26.49,7795,1,0.8809900542495479
"Cocoa, beans",2938.29,18.22,85.42,26.06,10737,0,1.213494575045208
"Cocoa, beans",2771.73,18.38,84.98,26.3,7979,0,0.9017857142857143
"Cocoa, beans",2607.96,18.37,84.67,26.35,7066,1,0.7985985533453888
"Cocoa, beans",2604.59,18.19,83.44,26.43,7991,1,0.9031419529837251
"Cocoa, beans",2308.51,18.27,83.65,26.47,11108,1,1.2554249547920433
"Cocoa, beans",2410.13,18.58,83.45,26.81,11487,1,1.298259493670886
"Cocoa, beans",2967.41,18.67,85.48,26.46,7314,0,0.826627486437613
"Cocoa, beans",2333.46,18.5,84.85,26.43,9502,1,1.0739150090415914
"Cocoa, beans",2109.34,18.51,83.52,26.72,8848,1,1.0
Oil palm fruit,2248.92,17.72,83.4,26.01,169783,2,0.9667139253767886
Oil palm fruit,1938.42,17.54,82.11,26.11,201436,2,1.146940425556144
Oil palm fruit,2301.54,17.81,82.79,26.24,152343,2,0.8674136959158225
Oil palm fruit,2592.35,17.61,85.07,25.56,181826,2,1.0352846056175233
Oil palm fruit,2344.72,17.61,84.12,25.76,178183,2,1.0145420175483548
Oil palm fruit,2339.3,17.7,84.54,25.76,169781,2,0.9667025377357953
Oil palm fruit,2326.09,18.09,84.63,26.11,166042,2,0.9454133428989517
Oil palm fruit,2718.08,18.3,85.43,26.12,165262,0,0.940972162911592
Oil palm fruit,2061.61,17.8,84.36,25.88,183004,2,1.0419919261625359
Oil palm fruit,1934.62,17.94,83.43,26.21,177543,2,1.0108979724305212
Oil palm fruit,2217.12,18.03,84.39,26.1,150428,2,0.8565100296648048
Oil palm fruit,2249.7,18.01,84.24,26.11,151070,2,0.8601654624236317
Oil palm fruit,2530.96,18.15,85.33,26.02,172165,0,0.9802766057997255
Oil palm fruit,2504.7,18.19,85.45,26.02,160862,0,0.915919352726486
Oil palm fruit,2686.2,18.38,85.77,26.13,166136,0,0.9459485620256336
Oil palm fruit,2414.79,18.18,85.76,25.93,163541,0,0.9311730978369176
Oil palm fruit,1999.53,18.2,84.36,26.27,164772,1,0.9381821908682507
Oil palm fruit,2362.8,18.7,84.03,26.79,142425,1,0.8109423842303948
Oil palm fruit,2792.95,18.24,86.04,25.95,165993,0,0.9451343456946176
Oil palm fruit,2751.24,18.31,85.98,26.02,167621,0,0.9544038854631068
Oil palm fruit,2646.28,18.4,86.02,26.1,168476,0,0.9592721019877127
Oil palm fruit,2302.99,18.22,84.48,26.25,162240,1,0.9237654373708214
Oil palm fruit,2692.34,18.37,85.54,26.18,175629,0,1.0
Oil palm fruit,2424.55,18.28,85.16,26.18,180323,0,1.0267267934111108
Oil palm fruit,2363.63,18.35,84.92,26.28,184629,1,1.0512443844695352
Oil palm fruit,2892.78,18.49,86.09,26.18,190626,0,1.0853902259877355
Oil palm fruit,2729.53,18.41,86.03,26.11,183544,0,1.0450665892307078
Oil palm fruit,3085.79,18.34,86.1,26.03,195523,0,1.1132728649596593
Oil palm fruit,2922.18,18.43,85.51,26.23,182696,0,1.0402382294495784
Oil palm fruit,2546.33,18.43,84.23,26.49,171189,1,0.9747194369950293
Oil palm fruit,2938.29,18.22,85.42,26.06,185831,0,1.0580883567064665
Oil palm fruit,2771.73,18.38,84.98,26.3,186959,0,1.0645109862266482
Oil palm fruit,2607.96,18.37,84.67,26.35,181496,1,1.0334056448536404
Oil palm fruit,2604.59,18.19,83.44,26.43,203399,1,1.158117395190999
Oil palm fruit,2308.51,18.27,83.65,26.47,202379,1,1.1523096982844518
Oil palm fruit,2410.13,18.58,83.45,26.81,172601,1,0.9827591115362497
Oil palm fruit,2967.41,18.67,85.48,26.46,199074,0,1.1334916215431392
Oil palm fruit,2333.46,18.5,84.85,26.43,189657,1,1.0798729139265155
Oil palm fruit,2109.34,18.51,83.52,26.72,189896,1,1.0812337370252065
"Rice, paddy",2248.92,17.72,83.4,26.01,28409,2,0.9134432976431626
"Rice, paddy",1938.42,17.54,82.11,26.11,27619,2,0.8880421851387416
"Rice, paddy",2301.54,17.81,82.79,26.24,26041,2,0.8373042667438346
"Rice, paddy",2592.35,17.61,85.07,25.56,25187,2,0.8098453425934857
"Rice, paddy",2344.72,17.61,84.12,25.76,26648,2,0.8568213240731809
"Rice, paddy",2339.3,17.7,84.54,25.76,26399,2,0.8488151506382432
"Rice, paddy",2326.09,18.09,84.63,26.11,24686,2,0.7937365358027073
"Rice, paddy",2718.08,18.3,85.43,26.12,25251,0,0.8119031542394135
"Rice, paddy",2061.61,17.8,84.36,25.88,26251,2,0.8440564612070351
"Rice, paddy",1934.62,17.94,83.43,26.21,27694,2,0.8904536831613131
"Rice, paddy",2217.12,18.03,84.39,26.1,28178,2,0.9060158837336421
"Rice, paddy",2249.7,18.01,84.24,26.11,29918,2,0.9619626378573036
"Rice, paddy",2530.96,18.15,85.33,26.02,30348,0,0.9757885598533809
"Rice, paddy",2504.7,18.19,85.45,26.02,30614,0,0.9843413395067683
"Rice, paddy",2686.2,18.38,85.77,26.13,31619,0,1.016655413009228
"Rice, paddy",2414.79,18.18,85.76,25.93,32510,0,1.045304009517379
"Rice, paddy",1999.53,18.2,84.36,26.27,30676,1,0.9863348445387609
"Rice, paddy",2362.8,18.7,84.03,26.79,28829,1,0.9269476865695637
"Rice, paddy",2792.95,18.24,86.04,25.95,29415,0,0.9457895244525899
"Rice, paddy",2751.24,18.31,85.98,26.02,30640,0,0.9851773254879265
"Rice, paddy",2646.28,18.4,86.02,26.1,31101,0,1.0
"Rice, paddy",2302.99,18.22,84.48,26.25,32385,1,1.0412848461464261
"Rice, paddy",2692.34,18.37,85.54,26.18,33596,0,1.080222500884216
"Rice, paddy",2424.55,18.28,85.16,26.18,33260,0,1.069418989743095
"Rice, paddy",2363.63,18.35,84.92,26.28,34221,1,1.1003183177389795
"Rice, paddy",2892.78,18.49,86.09,26.18,33907,0,1.0902221793511462
"Rice, paddy",2729.53,18.41,86.03,26.11,35277,0,1.134272209896788
"Rice, paddy",3085.79,18.34,86.1,26.03,35836,0,1.1522459084916883
"Rice, paddy",2922.18,18.43,85.51,26.23,37205,0,1.1962637857303624
"Rice, paddy",2546.33,18.43,84.23,26.49,36361,1,1.1691263946496897
"Rice, paddy",2938.29,18.22,85.42,26.06,37468,0,1.204720105462847
"Rice, paddy",2771.73,18.38,84.98,26.3,37972,0,1.2209253721745281
"Rice, paddy",2607.96,18.37,84.67,26.35,38763,1,1.2463586379859168
"Rice, paddy",2604.59,18.19,83.44,26.43,29855,1,0.9599369795183434
"Rice, paddy",2308.51,18.27,83.65,26.47,40223,1,1.2933024661586445
"Rice, paddy",2410.13,18.58,83.45,26.81,39775,1,1.2788977846371499
"Rice, paddy",2967.41,18.67,85.48,26.46,37496,0,1.2056203980579403
"Rice, paddy",2333.46,18.5,84.85,26.43,37704,1,1.2123082859072056
"Rice, paddy",2109.34,18.51,83.52,26.72,42550,1,1.3681232114722999
"Rubber, natural",2248.92,17.72,83.4,26.01,9322,2,1.1925291032365357
"Rubber, natural",1938.42,17.54,82.11,26.11,9223,2,1.1798643981066905
"Rubber, natural",2301.54,17.81,82.79,26.24,9866,2,1.262121018293463
"Rubber, natural",2592.35,17.61,85.07,25.56,9718,2,1.2431879237559167
"Rubber, natural",2344.72,17.61,84.12,25.76,9573,2,1.224638608161699
"Rubber, natural",2339.3,17.7,84.54,25.76,10024,2,1.282333375975438
"Rubber, natural",2326.09,18.09,84.63,26.11,10285,2,1.31572214404503
"Rubber, natural",2718.08,18.3,85.43,26.12,10010,0,1.280542407573238
"Rubber, natural",2061.61,17.8,84.36,25.88,8604,2,1.1006780094665474
"Rubber, natural",1934.62,17.94,83.43,26.21,8002,2,1.023666368171933
"Rubber, natural",2217.12,18.03,84.39,26.1,6913,2,0.8843546117436357
"Rubber, natural",2249.7,18.01,84.24,26.11,6546,2,0.8374056543430983
"Rubber, natural",2530.96,18.15,85.33,26.02,6077,0,0.7774082128693872
"Rubber, natural",2504.7,18.19,85.45,26.02,6333,0,0.8101573493667648
"Rubber, natural",2686.2,18.38,85.77,26.13,6448,0,0.824868875527696
"Rubber, natural",2414.79,18.18,85.76,25.93,6562,0,0.8394524753741844
"Rubber, natural",1999.53,18.2,84.36,26.27,6008,1,0.7685812971728284
"Rubber, natural",2362.8,18.7,84.03,26.79,5693,1,0.728284508123321
"Rubber, natural",2792.95,18.24,86.04,25.95,5249,0,0.6714852245106818
"Rubber, natural",2751.24,18.31,85.98,26.02,6484,0,0.8294742228476397
"Rubber, natural",2646.28,18.4,86.02,26.1,6348,0,0.812076244083408
"Rubber, natural",2302.99,18.22,84.48,26.25,6597,1,0.8439298963796853
"Rubber, natural",2692.34,18.37,85.54,26.18,7435,0,0.9511321478828195
"Rubber, natural",2424.55,18.28,85.16,26.18,9139,0,1.1691185876934886
"Rubber, natural",2363.63,18.35,84.92,26.28,8857,1,1.1330433670205962
"Rubber, natural",2892.78,18.49,86.09,26.18,10159,0,1.2996034284252271
"Rubber, natural",2729.53,18.41,86.03,26.11,9612,0,1.2296277344249713
"Rubber, natural",3085.79,18.34,86.1,26.03,8599,0,1.1000383778943328
"Rubber, natural",2922.18,18.43,85.51,26.23,8337,0,1.066521683510298
"Rubber, natural",2546.33,18.43,84.23,26.49,9205,1,1.1775617244467187
"Rubber, natural",2938.29,18.22,85.42,26.06,9701,0,1.2410131764103876
"Rubber, natural",2771.73,18.38,84.98,26.3,8865,0,1.1340667775361393
"Rubber, natural",2607.96,18.37,84.67,26.35,7817,1,1.0
"Rubber, natural",2604.59,18.19,83.44,26.43,6275,1,0.8027376231290777
"Rubber, natural",2308.51,18.27,83.65,26.47,6721,1,0.8597927593706025
"Rubber, natural",2410.13,18.58,83.45,26.81,6248,1,0.7992836126391198
"Rubber, natural",2967.41,18.67,85.48,26.46,6842,0,0.8752718434181911
"Rubber, natural",2333.46,18.5,84.85,26.43,5571,1,0.7126774977612895
"Rubber, natural",2109.34,18.51,83.52,26.72,5903,1,0.755149034156326
